Precision,Recall,F1 Score,mAP@0.5,mAP@0.5:0.95
0.9406880132825731,0.8924731182795699,0.9159460039981213,0.9449174439493001,0.695306442848444
